delta_time,roll,pitch,yaw,label
87.29296875,28.5,-52.0,-202.9,random
174.861572265625,48.1,-11.8,-186.7,random
306.354736328125,48.1,-11.8,-186.7,random
